I1_cache_size,64,I1_cache_linesize,8,replacement_strategy, l, bpred,bimod,ruu_size,16,lsq_size,8,sim_elapsed_time,53,sim_cycle,194190971,sim_IPC,0.1943,sim_exec_BW,0.1966,ruu_full,0.0410,lsq_full,0.0003,avg_sim_slip,14.9822,dl1.miss_rate,0.0043,ul2.miss_rate,0.0001,total_power_cycle_cc1,637228797.7924
I1_cache_size,64,I1_cache_linesize,8,replacement_strategy, f, bpred,bimod,ruu_size,16,lsq_size,8,sim_elapsed_time,53,sim_cycle,194196426,sim_IPC,0.1943,sim_exec_BW,0.1966,ruu_full,0.0410,lsq_full,0.0003,avg_sim_slip,14.9820,dl1.miss_rate,0.0043,ul2.miss_rate,0.0001,total_power_cycle_cc1,637246749.7873
I1_cache_size,64,I1_cache_linesize,8,replacement_strategy, r, bpred,bimod,ruu_size,16,lsq_size,8,sim_elapsed_time,53,sim_cycle,194197010,sim_IPC,0.1943,sim_exec_BW,0.1966,ruu_full,0.0410,lsq_full,0.0003,avg_sim_slip,14.9820,dl1.miss_rate,0.0043,ul2.miss_rate,0.0001,total_power_cycle_cc1,637248552.0534
I1_cache_size,64,I1_cache_linesize,8,replacement_strategy, l, bpred,bimod,ruu_size,16,lsq_size,8,sim_elapsed_time,48,sim_cycle,151157781,sim_IPC,0.2496,sim_exec_BW,0.2546,ruu_full,0.0563,lsq_full,0.0060,avg_sim_slip,17.2826,dl1.miss_rate,0.0043,ul2.miss_rate,0.0001,total_power_cycle_cc1,573012436.2661
I1_cache_size,64,I1_cache_linesize,8,replacement_strategy, f, bpred,bimod,ruu_size,16,lsq_size,8,sim_elapsed_time,47,sim_cycle,152042913,sim_IPC,0.2482,sim_exec_BW,0.2531,ruu_full,0.0559,lsq_full,0.0050,avg_sim_slip,17.2478,dl1.miss_rate,0.0043,ul2.miss_rate,0.0001,total_power_cycle_cc1,574991813.7456
I1_cache_size,64,I1_cache_linesize,8,replacement_strategy, r, bpred,bimod,ruu_size,16,lsq_size,8,sim_elapsed_time,46,sim_cycle,135806844,sim_IPC,0.2778,sim_exec_BW,0.2840,ruu_full,0.0676,lsq_full,0.0056,avg_sim_slip,17.5888,dl1.miss_rate,0.0043,ul2.miss_rate,0.0001,total_power_cycle_cc1,543967115.5759
I1_cache_size,64,I1_cache_linesize,8,replacement_strategy, l, bpred,bimod,ruu_size,16,lsq_size,8,sim_elapsed_time,36,sim_cycle,67816849,sim_IPC,0.5564,sim_exec_BW,0.5901,ruu_full,0.4155,lsq_full,0.1105,avg_sim_slip,27.1955,dl1.miss_rate,0.0043,ul2.miss_rate,0.0008,total_power_cycle_cc1,426180873.6693
I1_cache_size,64,I1_cache_linesize,8,replacement_strategy, f, bpred,bimod,ruu_size,16,lsq_size,8,sim_elapsed_time,36,sim_cycle,67880073,sim_IPC,0.5559,sim_exec_BW,0.5895,ruu_full,0.4140,lsq_full,0.1102,avg_sim_slip,27.1778,dl1.miss_rate,0.0043,ul2.miss_rate,0.0008,total_power_cycle_cc1,426472104.2905
I1_cache_size,64,I1_cache_linesize,8,replacement_strategy, r, bpred,bimod,ruu_size,16,lsq_size,8,sim_elapsed_time,36,sim_cycle,63500512,sim_IPC,0.5942,sim_exec_BW,0.6308,ruu_full,0.4844,lsq_full,0.1348,avg_sim_slip,27.9209,dl1.miss_rate,0.0043,ul2.miss_rate,0.0016,total_power_cycle_cc1,408340710.6757
I1_cache_size,64,I1_cache_linesize,8,replacement_strategy, l, bpred,bimod,ruu_size,16,lsq_size,8,sim_elapsed_time,35,sim_cycle,60688193,sim_IPC,0.6217,sim_exec_BW,0.6649,ruu_full,0.5796,lsq_full,0.1756,avg_sim_slip,29.4084,dl1.miss_rate,0.0043,ul2.miss_rate,0.0208,total_power_cycle_cc1,412961325.8780
I1_cache_size,64,I1_cache_linesize,8,replacement_strategy, f, bpred,bimod,ruu_size,16,lsq_size,8,sim_elapsed_time,34,sim_cycle,60690278,sim_IPC,0.6217,sim_exec_BW,0.6649,ruu_full,0.5796,lsq_full,0.1756,avg_sim_slip,29.4081,dl1.miss_rate,0.0043,ul2.miss_rate,0.0209,total_power_cycle_cc1,412964731.7566
I1_cache_size,64,I1_cache_linesize,8,replacement_strategy, r, bpred,bimod,ruu_size,16,lsq_size,8,sim_elapsed_time,36,sim_cycle,60691769,sim_IPC,0.6217,sim_exec_BW,0.6649,ruu_full,0.5796,lsq_full,0.1756,avg_sim_slip,29.4077,dl1.miss_rate,0.0043,ul2.miss_rate,0.0212,total_power_cycle_cc1,412961797.8756
I1_cache_size,64,I1_cache_linesize,16,replacement_strategy, l, bpred,bimod,ruu_size,16,lsq_size,8,sim_elapsed_time,41,sim_cycle,108957817,sim_IPC,0.3463,sim_exec_BW,0.3596,ruu_full,0.0972,lsq_full,0.0090,avg_sim_slip,18.0258,dl1.miss_rate,0.0043,ul2.miss_rate,0.0002,total_power_cycle_cc1,469908056.9831
I1_cache_size,64,I1_cache_linesize,16,replacement_strategy, f, bpred,bimod,ruu_size,16,lsq_size,8,sim_elapsed_time,40,sim_cycle,108957952,sim_IPC,0.3463,sim_exec_BW,0.3596,ruu_full,0.0972,lsq_full,0.0090,avg_sim_slip,18.0257,dl1.miss_rate,0.0043,ul2.miss_rate,0.0002,total_power_cycle_cc1,469908691.5523
I1_cache_size,64,I1_cache_linesize,16,replacement_strategy, r, bpred,bimod,ruu_size,16,lsq_size,8,sim_elapsed_time,41,sim_cycle,108957817,sim_IPC,0.3463,sim_exec_BW,0.3596,ruu_full,0.0972,lsq_full,0.0090,avg_sim_slip,18.0258,dl1.miss_rate,0.0043,ul2.miss_rate,0.0002,total_power_cycle_cc1,469908050.4832
I1_cache_size,64,I1_cache_linesize,16,replacement_strategy, l, bpred,bimod,ruu_size,16,lsq_size,8,sim_elapsed_time,36,sim_cycle,70216786,sim_IPC,0.5374,sim_exec_BW,0.5681,ruu_full,0.2413,lsq_full,0.0611,avg_sim_slip,23.2099,dl1.miss_rate,0.0042,ul2.miss_rate,0.0005,total_power_cycle_cc1,429761174.0345
I1_cache_size,64,I1_cache_linesize,16,replacement_strategy, f, bpred,bimod,ruu_size,16,lsq_size,8,sim_elapsed_time,36,sim_cycle,72059384,sim_IPC,0.5236,sim_exec_BW,0.5536,ruu_full,0.2351,lsq_full,0.0535,avg_sim_slip,23.0923,dl1.miss_rate,0.0042,ul2.miss_rate,0.0005,total_power_cycle_cc1,431047542.9151
I1_cache_size,64,I1_cache_linesize,16,replacement_strategy, r, bpred,bimod,ruu_size,16,lsq_size,8,sim_elapsed_time,36,sim_cycle,68468800,sim_IPC,0.5511,sim_exec_BW,0.5830,ruu_full,0.3033,lsq_full,0.0896,avg_sim_slip,25.2134,dl1.miss_rate,0.0043,ul2.miss_rate,0.0006,total_power_cycle_cc1,417634495.6791
I1_cache_size,64,I1_cache_linesize,16,replacement_strategy, l, bpred,bimod,ruu_size,16,lsq_size,8,sim_elapsed_time,35,sim_cycle,60695321,sim_IPC,0.6217,sim_exec_BW,0.6648,ruu_full,0.5792,lsq_full,0.1753,avg_sim_slip,29.3965,dl1.miss_rate,0.0043,ul2.miss_rate,0.0200,total_power_cycle_cc1,398666693.4880
I1_cache_size,64,I1_cache_linesize,16,replacement_strategy, f, bpred,bimod,ruu_size,16,lsq_size,8,sim_elapsed_time,34,sim_cycle,60697167,sim_IPC,0.6216,sim_exec_BW,0.6647,ruu_full,0.5791,lsq_full,0.1753,avg_sim_slip,29.3960,dl1.miss_rate,0.0043,ul2.miss_rate,0.0200,total_power_cycle_cc1,398669512.9219
I1_cache_size,64,I1_cache_linesize,16,replacement_strategy, r, bpred,bimod,ruu_size,16,lsq_size,8,sim_elapsed_time,34,sim_cycle,60682558,sim_IPC,0.6218,sim_exec_BW,0.6649,ruu_full,0.5794,lsq_full,0.1754,avg_sim_slip,29.3999,dl1.miss_rate,0.0043,ul2.miss_rate,0.0208,total_power_cycle_cc1,398644308.2979
I1_cache_size,64,I1_cache_linesize,16,replacement_strategy, l, bpred,bimod,ruu_size,16,lsq_size,8,sim_elapsed_time,35,sim_cycle,60660753,sim_IPC,0.6220,sim_exec_BW,0.6652,ruu_full,0.5799,lsq_full,0.1757,avg_sim_slip,29.4090,dl1.miss_rate,0.0043,ul2.miss_rate,0.0207,total_power_cycle_cc1,429800844.7771
I1_cache_size,64,I1_cache_linesize,16,replacement_strategy, f, bpred,bimod,ruu_size,16,lsq_size,8,sim_elapsed_time,35,sim_cycle,60662160,sim_IPC,0.6220,sim_exec_BW,0.6652,ruu_full,0.5799,lsq_full,0.1757,avg_sim_slip,29.4090,dl1.miss_rate,0.0043,ul2.miss_rate,0.0209,total_power_cycle_cc1,429804215.9859
I1_cache_size,64,I1_cache_linesize,16,replacement_strategy, r, bpred,bimod,ruu_size,16,lsq_size,8,sim_elapsed_time,34,sim_cycle,60663062,sim_IPC,0.6220,sim_exec_BW,0.6652,ruu_full,0.5799,lsq_full,0.1756,avg_sim_slip,29.4086,dl1.miss_rate,0.0043,ul2.miss_rate,0.0211,total_power_cycle_cc1,429806305.2445
I1_cache_size,64,I1_cache_linesize,32,replacement_strategy, l, bpred,bimod,ruu_size,16,lsq_size,8,sim_elapsed_time,36,sim_cycle,70312695,sim_IPC,0.5366,sim_exec_BW,0.5658,ruu_full,0.3210,lsq_full,0.0769,avg_sim_slip,24.9939,dl1.miss_rate,0.0044,ul2.miss_rate,0.0006,total_power_cycle_cc1,413652061.8966
I1_cache_size,64,I1_cache_linesize,32,replacement_strategy, f, bpred,bimod,ruu_size,16,lsq_size,8,sim_elapsed_time,36,sim_cycle,70312695,sim_IPC,0.5366,sim_exec_BW,0.5658,ruu_full,0.3210,lsq_full,0.0769,avg_sim_slip,24.9939,dl1.miss_rate,0.0044,ul2.miss_rate,0.0006,total_power_cycle_cc1,413652058.7381
I1_cache_size,64,I1_cache_linesize,32,replacement_strategy, r, bpred,bimod,ruu_size,16,lsq_size,8,sim_elapsed_time,36,sim_cycle,70312695,sim_IPC,0.5366,sim_exec_BW,0.5658,ruu_full,0.3210,lsq_full,0.0769,avg_sim_slip,24.9939,dl1.miss_rate,0.0044,ul2.miss_rate,0.0006,total_power_cycle_cc1,413652075.8868
I1_cache_size,64,I1_cache_linesize,32,replacement_strategy, l, bpred,bimod,ruu_size,16,lsq_size,8,sim_elapsed_time,34,sim_cycle,60924871,sim_IPC,0.6193,sim_exec_BW,0.6620,ruu_full,0.5590,lsq_full,0.1530,avg_sim_slip,28.9175,dl1.miss_rate,0.0043,ul2.miss_rate,0.0050,total_power_cycle_cc1,394100660.4096
I1_cache_size,64,I1_cache_linesize,32,replacement_strategy, f, bpred,bimod,ruu_size,16,lsq_size,8,sim_elapsed_time,35,sim_cycle,60920906,sim_IPC,0.6194,sim_exec_BW,0.6621,ruu_full,0.5591,lsq_full,0.1530,avg_sim_slip,28.9200,dl1.miss_rate,0.0043,ul2.miss_rate,0.0050,total_power_cycle_cc1,394082082.5335
I1_cache_size,64,I1_cache_linesize,32,replacement_strategy, r, bpred,bimod,ruu_size,16,lsq_size,8,sim_elapsed_time,34,sim_cycle,60850443,sim_IPC,0.6201,sim_exec_BW,0.6629,ruu_full,0.5654,lsq_full,0.1594,avg_sim_slip,29.0556,dl1.miss_rate,0.0043,ul2.miss_rate,0.0064,total_power_cycle_cc1,393298397.8345
I1_cache_size,64,I1_cache_linesize,32,replacement_strategy, l, bpred,bimod,ruu_size,16,lsq_size,8,sim_elapsed_time,34,sim_cycle,60652887,sim_IPC,0.6221,sim_exec_BW,0.6653,ruu_full,0.5800,lsq_full,0.1757,avg_sim_slip,29.4091,dl1.miss_rate,0.0043,ul2.miss_rate,0.0210,total_power_cycle_cc1,415636920.1463
I1_cache_size,64,I1_cache_linesize,32,replacement_strategy, f, bpred,bimod,ruu_size,16,lsq_size,8,sim_elapsed_time,34,sim_cycle,60653652,sim_IPC,0.6221,sim_exec_BW,0.6653,ruu_full,0.5800,lsq_full,0.1757,avg_sim_slip,29.4091,dl1.miss_rate,0.0043,ul2.miss_rate,0.0211,total_power_cycle_cc1,415638505.0732
I1_cache_size,64,I1_cache_linesize,32,replacement_strategy, r, bpred,bimod,ruu_size,16,lsq_size,8,sim_elapsed_time,35,sim_cycle,60653527,sim_IPC,0.6221,sim_exec_BW,0.6653,ruu_full,0.5800,lsq_full,0.1757,avg_sim_slip,29.4088,dl1.miss_rate,0.0043,ul2.miss_rate,0.0211,total_power_cycle_cc1,415634520.7421
I1_cache_size,64,I1_cache_linesize,32,replacement_strategy, l, bpred,bimod,ruu_size,16,lsq_size,8,sim_elapsed_time,34,sim_cycle,60644358,sim_IPC,0.6222,sim_exec_BW,0.6654,ruu_full,0.5801,lsq_full,0.1757,avg_sim_slip,29.4093,dl1.miss_rate,0.0043,ul2.miss_rate,0.0187,total_power_cycle_cc1,463696398.1898
I1_cache_size,64,I1_cache_linesize,32,replacement_strategy, f, bpred,bimod,ruu_size,16,lsq_size,8,sim_elapsed_time,35,sim_cycle,60645825,sim_IPC,0.6222,sim_exec_BW,0.6654,ruu_full,0.5800,lsq_full,0.1757,avg_sim_slip,29.4093,dl1.miss_rate,0.0043,ul2.miss_rate,0.0193,total_power_cycle_cc1,463697520.5727
I1_cache_size,64,I1_cache_linesize,32,replacement_strategy, r, bpred,bimod,ruu_size,16,lsq_size,8,sim_elapsed_time,34,sim_cycle,60647092,sim_IPC,0.6221,sim_exec_BW,0.6654,ruu_full,0.5800,lsq_full,0.1757,avg_sim_slip,29.4091,dl1.miss_rate,0.0043,ul2.miss_rate,0.0197,total_power_cycle_cc1,463679444.9738
I1_cache_size,64,I1_cache_linesize,64,replacement_strategy, l, bpred,bimod,ruu_size,16,lsq_size,8,sim_elapsed_time,34,sim_cycle,61323770,sim_IPC,0.6153,sim_exec_BW,0.6567,ruu_full,0.5015,lsq_full,0.1510,avg_sim_slip,28.6661,dl1.miss_rate,0.0043,ul2.miss_rate,0.0022,total_power_cycle_cc1,390991374.8022
I1_cache_size,64,I1_cache_linesize,64,replacement_strategy, f, bpred,bimod,ruu_size,16,lsq_size,8,sim_elapsed_time,35,sim_cycle,61323480,sim_IPC,0.6153,sim_exec_BW,0.6567,ruu_full,0.5015,lsq_full,0.1510,avg_sim_slip,28.6662,dl1.miss_rate,0.0043,ul2.miss_rate,0.0022,total_power_cycle_cc1,390989635.3170
I1_cache_size,64,I1_cache_linesize,64,replacement_strategy, r, bpred,bimod,ruu_size,16,lsq_size,8,sim_elapsed_time,34,sim_cycle,61323623,sim_IPC,0.6153,sim_exec_BW,0.6567,ruu_full,0.5015,lsq_full,0.1510,avg_sim_slip,28.6661,dl1.miss_rate,0.0043,ul2.miss_rate,0.0022,total_power_cycle_cc1,390990355.9865
I1_cache_size,64,I1_cache_linesize,64,replacement_strategy, l, bpred,bimod,ruu_size,16,lsq_size,8,sim_elapsed_time,34,sim_cycle,60649548,sim_IPC,0.6221,sim_exec_BW,0.6654,ruu_full,0.5800,lsq_full,0.1757,avg_sim_slip,29.4092,dl1.miss_rate,0.0043,ul2.miss_rate,0.0216,total_power_cycle_cc1,408715744.4545
I1_cache_size,64,I1_cache_linesize,64,replacement_strategy, f, bpred,bimod,ruu_size,16,lsq_size,8,sim_elapsed_time,34,sim_cycle,60650175,sim_IPC,0.6221,sim_exec_BW,0.6654,ruu_full,0.5800,lsq_full,0.1757,avg_sim_slip,29.4091,dl1.miss_rate,0.0043,ul2.miss_rate,0.0218,total_power_cycle_cc1,408716973.4308
I1_cache_size,64,I1_cache_linesize,64,replacement_strategy, r, bpred,bimod,ruu_size,16,lsq_size,8,sim_elapsed_time,34,sim_cycle,60649090,sim_IPC,0.6221,sim_exec_BW,0.6654,ruu_full,0.5800,lsq_full,0.1757,avg_sim_slip,29.4091,dl1.miss_rate,0.0043,ul2.miss_rate,0.0213,total_power_cycle_cc1,408715644.1212
I1_cache_size,64,I1_cache_linesize,64,replacement_strategy, l, bpred,bimod,ruu_size,16,lsq_size,8,sim_elapsed_time,34,sim_cycle,60642265,sim_IPC,0.6222,sim_exec_BW,0.6654,ruu_full,0.5801,lsq_full,0.1757,avg_sim_slip,29.4095,dl1.miss_rate,0.0043,ul2.miss_rate,0.0193,total_power_cycle_cc1,449638840.4520
I1_cache_size,64,I1_cache_linesize,64,replacement_strategy, f, bpred,bimod,ruu_size,16,lsq_size,8,sim_elapsed_time,34,sim_cycle,60642770,sim_IPC,0.6222,sim_exec_BW,0.6654,ruu_full,0.5801,lsq_full,0.1757,avg_sim_slip,29.4097,dl1.miss_rate,0.0043,ul2.miss_rate,0.0196,total_power_cycle_cc1,449633961.1315
I1_cache_size,64,I1_cache_linesize,64,replacement_strategy, r, bpred,bimod,ruu_size,16,lsq_size,8,sim_elapsed_time,34,sim_cycle,60642398,sim_IPC,0.6222,sim_exec_BW,0.6654,ruu_full,0.5801,lsq_full,0.1757,avg_sim_slip,29.4096,dl1.miss_rate,0.0043,ul2.miss_rate,0.0194,total_power_cycle_cc1,449628966.3821
I1_cache_size,64,I1_cache_linesize,64,replacement_strategy, l, bpred,bimod,ruu_size,16,lsq_size,8,sim_elapsed_time,34,sim_cycle,60634280,sim_IPC,0.6223,sim_exec_BW,0.6655,ruu_full,0.5802,lsq_full,0.1757,avg_sim_slip,29.4099,dl1.miss_rate,0.0043,ul2.miss_rate,0.0167,total_power_cycle_cc1,530683280.7021
I1_cache_size,64,I1_cache_linesize,64,replacement_strategy, f, bpred,bimod,ruu_size,16,lsq_size,8,sim_elapsed_time,34,sim_cycle,60635655,sim_IPC,0.6223,sim_exec_BW,0.6655,ruu_full,0.5802,lsq_full,0.1757,avg_sim_slip,29.4096,dl1.miss_rate,0.0043,ul2.miss_rate,0.0171,total_power_cycle_cc1,530692365.5813
I1_cache_size,64,I1_cache_linesize,64,replacement_strategy, r, bpred,bimod,ruu_size,16,lsq_size,8,sim_elapsed_time,35,sim_cycle,60639275,sim_IPC,0.6222,sim_exec_BW,0.6655,ruu_full,0.5801,lsq_full,0.1757,avg_sim_slip,29.4094,dl1.miss_rate,0.0043,ul2.miss_rate,0.0183,total_power_cycle_cc1,530677331.1221
I1_cache_size,128,I1_cache_linesize,8,replacement_strategy, l, bpred,bimod,ruu_size,16,lsq_size,8,sim_elapsed_time,48,sim_cycle,154929011,sim_IPC,0.2435,sim_exec_BW,0.2515,ruu_full,0.0643,lsq_full,0.0013,avg_sim_slip,16.5590,dl1.miss_rate,0.0043,ul2.miss_rate,0.0001,total_power_cycle_cc1,591028082.8838
I1_cache_size,128,I1_cache_linesize,8,replacement_strategy, f, bpred,bimod,ruu_size,16,lsq_size,8,sim_elapsed_time,48,sim_cycle,154931001,sim_IPC,0.2435,sim_exec_BW,0.2515,ruu_full,0.0643,lsq_full,0.0013,avg_sim_slip,16.5589,dl1.miss_rate,0.0043,ul2.miss_rate,0.0001,total_power_cycle_cc1,591035525.1429
I1_cache_size,128,I1_cache_linesize,8,replacement_strategy, r, bpred,bimod,ruu_size,16,lsq_size,8,sim_elapsed_time,48,sim_cycle,154931649,sim_IPC,0.2435,sim_exec_BW,0.2515,ruu_full,0.0643,lsq_full,0.0013,avg_sim_slip,16.5589,dl1.miss_rate,0.0043,ul2.miss_rate,0.0001,total_power_cycle_cc1,591037712.6092
I1_cache_size,128,I1_cache_linesize,8,replacement_strategy, l, bpred,bimod,ruu_size,16,lsq_size,8,sim_elapsed_time,39,sim_cycle,81927932,sim_IPC,0.4605,sim_exec_BW,0.4880,ruu_full,0.2108,lsq_full,0.0368,avg_sim_slip,21.9086,dl1.miss_rate,0.0042,ul2.miss_rate,0.0003,total_power_cycle_cc1,477051266.3664
I1_cache_size,128,I1_cache_linesize,8,replacement_strategy, f, bpred,bimod,ruu_size,16,lsq_size,8,sim_elapsed_time,39,sim_cycle,85440667,sim_IPC,0.4416,sim_exec_BW,0.4679,ruu_full,0.2021,lsq_full,0.0310,avg_sim_slip,21.7352,dl1.miss_rate,0.0042,ul2.miss_rate,0.0003,total_power_cycle_cc1,481143195.1111
I1_cache_size,128,I1_cache_linesize,8,replacement_strategy, r, bpred,bimod,ruu_size,16,lsq_size,8,sim_elapsed_time,39,sim_cycle,76156007,sim_IPC,0.4954,sim_exec_BW,0.5248,ruu_full,0.2437,lsq_full,0.0533,avg_sim_slip,22.8832,dl1.miss_rate,0.0042,ul2.miss_rate,0.0004,total_power_cycle_cc1,457421417.6321
I1_cache_size,128,I1_cache_linesize,8,replacement_strategy, l, bpred,bimod,ruu_size,16,lsq_size,8,sim_elapsed_time,35,sim_cycle,60703387,sim_IPC,0.6216,sim_exec_BW,0.6647,ruu_full,0.5792,lsq_full,0.1753,avg_sim_slip,29.3988,dl1.miss_rate,0.0043,ul2.miss_rate,0.0197,total_power_cycle_cc1,406243167.5287
I1_cache_size,128,I1_cache_linesize,8,replacement_strategy, f, bpred,bimod,ruu_size,16,lsq_size,8,sim_elapsed_time,35,sim_cycle,60706453,sim_IPC,0.6215,sim_exec_BW,0.6646,ruu_full,0.5791,lsq_full,0.1753,avg_sim_slip,29.3979,dl1.miss_rate,0.0043,ul2.miss_rate,0.0196,total_power_cycle_cc1,406256396.2536
I1_cache_size,128,I1_cache_linesize,8,replacement_strategy, r, bpred,bimod,ruu_size,16,lsq_size,8,sim_elapsed_time,35,sim_cycle,60699758,sim_IPC,0.6216,sim_exec_BW,0.6647,ruu_full,0.5793,lsq_full,0.1754,avg_sim_slip,29.4016,dl1.miss_rate,0.0043,ul2.miss_rate,0.0203,total_power_cycle_cc1,406207316.9692
I1_cache_size,128,I1_cache_linesize,8,replacement_strategy, l, bpred,bimod,ruu_size,16,lsq_size,8,sim_elapsed_time,35,sim_cycle,60673442,sim_IPC,0.6219,sim_exec_BW,0.6651,ruu_full,0.5798,lsq_full,0.1756,avg_sim_slip,29.4092,dl1.miss_rate,0.0043,ul2.miss_rate,0.0199,total_power_cycle_cc1,443385890.1249
I1_cache_size,128,I1_cache_linesize,8,replacement_strategy, f, bpred,bimod,ruu_size,16,lsq_size,8,sim_elapsed_time,35,sim_cycle,60675586,sim_IPC,0.6218,sim_exec_BW,0.6651,ruu_full,0.5798,lsq_full,0.1756,avg_sim_slip,29.4091,dl1.miss_rate,0.0043,ul2.miss_rate,0.0202,total_power_cycle_cc1,443392406.8894
I1_cache_size,128,I1_cache_linesize,8,replacement_strategy, r, bpred,bimod,ruu_size,16,lsq_size,8,sim_elapsed_time,34,sim_cycle,60679282,sim_IPC,0.6218,sim_exec_BW,0.6650,ruu_full,0.5797,lsq_full,0.1756,avg_sim_slip,29.4084,dl1.miss_rate,0.0043,ul2.miss_rate,0.0208,total_power_cycle_cc1,443398689.7702
I1_cache_size,128,I1_cache_linesize,16,replacement_strategy, l, bpred,bimod,ruu_size,16,lsq_size,8,sim_elapsed_time,38,sim_cycle,82469631,sim_IPC,0.4575,sim_exec_BW,0.4808,ruu_full,0.2224,lsq_full,0.0599,avg_sim_slip,23.9493,dl1.miss_rate,0.0044,ul2.miss_rate,0.0004,total_power_cycle_cc1,430916724.3011
I1_cache_size,128,I1_cache_linesize,16,replacement_strategy, f, bpred,bimod,ruu_size,16,lsq_size,8,sim_elapsed_time,37,sim_cycle,82466670,sim_IPC,0.4575,sim_exec_BW,0.4808,ruu_full,0.2224,lsq_full,0.0599,avg_sim_slip,23.9498,dl1.miss_rate,0.0044,ul2.miss_rate,0.0004,total_power_cycle_cc1,430901951.1869
I1_cache_size,128,I1_cache_linesize,16,replacement_strategy, r, bpred,bimod,ruu_size,16,lsq_size,8,sim_elapsed_time,37,sim_cycle,82468079,sim_IPC,0.4575,sim_exec_BW,0.4808,ruu_full,0.2224,lsq_full,0.0599,avg_sim_slip,23.9496,dl1.miss_rate,0.0044,ul2.miss_rate,0.0004,total_power_cycle_cc1,430908871.2405
I1_cache_size,128,I1_cache_linesize,16,replacement_strategy, l, bpred,bimod,ruu_size,16,lsq_size,8,sim_elapsed_time,35,sim_cycle,60990509,sim_IPC,0.6186,sim_exec_BW,0.6613,ruu_full,0.5584,lsq_full,0.1527,avg_sim_slip,28.9135,dl1.miss_rate,0.0043,ul2.miss_rate,0.0048,total_power_cycle_cc1,398496616.8464
I1_cache_size,128,I1_cache_linesize,16,replacement_strategy, f, bpred,bimod,ruu_size,16,lsq_size,8,sim_elapsed_time,35,sim_cycle,60970198,sim_IPC,0.6188,sim_exec_BW,0.6616,ruu_full,0.5585,lsq_full,0.1527,avg_sim_slip,28.9134,dl1.miss_rate,0.0043,ul2.miss_rate,0.0049,total_power_cycle_cc1,398534987.1854
I1_cache_size,128,I1_cache_linesize,16,replacement_strategy, r, bpred,bimod,ruu_size,16,lsq_size,8,sim_elapsed_time,35,sim_cycle,60894604,sim_IPC,0.6196,sim_exec_BW,0.6624,ruu_full,0.5648,lsq_full,0.1591,avg_sim_slip,29.0503,dl1.miss_rate,0.0043,ul2.miss_rate,0.0063,total_power_cycle_cc1,397730160.5800
I1_cache_size,128,I1_cache_linesize,16,replacement_strategy, l, bpred,bimod,ruu_size,16,lsq_size,8,sim_elapsed_time,35,sim_cycle,60660370,sim_IPC,0.6220,sim_exec_BW,0.6652,ruu_full,0.5799,lsq_full,0.1757,avg_sim_slip,29.4090,dl1.miss_rate,0.0043,ul2.miss_rate,0.0206,total_power_cycle_cc1,422970066.8881
I1_cache_size,128,I1_cache_linesize,16,replacement_strategy, f, bpred,bimod,ruu_size,16,lsq_size,8,sim_elapsed_time,35,sim_cycle,60661160,sim_IPC,0.6220,sim_exec_BW,0.6652,ruu_full,0.5799,lsq_full,0.1757,avg_sim_slip,29.4089,dl1.miss_rate,0.0043,ul2.miss_rate,0.0207,total_power_cycle_cc1,422971833.0322
I1_cache_size,128,I1_cache_linesize,16,replacement_strategy, r, bpred,bimod,ruu_size,16,lsq_size,8,sim_elapsed_time,35,sim_cycle,60662164,sim_IPC,0.6220,sim_exec_BW,0.6652,ruu_full,0.5799,lsq_full,0.1757,avg_sim_slip,29.4087,dl1.miss_rate,0.0043,ul2.miss_rate,0.0210,total_power_cycle_cc1,422968959.8834
I1_cache_size,128,I1_cache_linesize,16,replacement_strategy, l, bpred,bimod,ruu_size,16,lsq_size,8,sim_elapsed_time,35,sim_cycle,60650336,sim_IPC,0.6221,sim_exec_BW,0.6653,ruu_full,0.5800,lsq_full,0.1757,avg_sim_slip,29.4096,dl1.miss_rate,0.0043,ul2.miss_rate,0.0185,total_power_cycle_cc1,476726388.7352
I1_cache_size,128,I1_cache_linesize,16,replacement_strategy, f, bpred,bimod,ruu_size,16,lsq_size,8,sim_elapsed_time,35,sim_cycle,60651663,sim_IPC,0.6221,sim_exec_BW,0.6653,ruu_full,0.5800,lsq_full,0.1757,avg_sim_slip,29.4094,dl1.miss_rate,0.0043,ul2.miss_rate,0.0189,total_power_cycle_cc1,476728568.2926
I1_cache_size,128,I1_cache_linesize,16,replacement_strategy, r, bpred,bimod,ruu_size,16,lsq_size,8,sim_elapsed_time,35,sim_cycle,60655871,sim_IPC,0.6221,sim_exec_BW,0.6653,ruu_full,0.5799,lsq_full,0.1757,avg_sim_slip,29.4090,dl1.miss_rate,0.0043,ul2.miss_rate,0.0200,total_power_cycle_cc1,476717168.0249
I1_cache_size,128,I1_cache_linesize,32,replacement_strategy, l, bpred,bimod,ruu_size,16,lsq_size,8,sim_elapsed_time,35,sim_cycle,62839063,sim_IPC,0.6004,sim_exec_BW,0.6393,ruu_full,0.4488,lsq_full,0.1414,avg_sim_slip,27.7120,dl1.miss_rate,0.0043,ul2.miss_rate,0.0014,total_power_cycle_cc1,410244662.4093
I1_cache_size,128,I1_cache_linesize,32,replacement_strategy, f, bpred,bimod,ruu_size,16,lsq_size,8,sim_elapsed_time,36,sim_cycle,62839031,sim_IPC,0.6004,sim_exec_BW,0.6393,ruu_full,0.4488,lsq_full,0.1414,avg_sim_slip,27.7121,dl1.miss_rate,0.0043,ul2.miss_rate,0.0014,total_power_cycle_cc1,410244285.9736
I1_cache_size,128,I1_cache_linesize,32,replacement_strategy, r, bpred,bimod,ruu_size,16,lsq_size,8,sim_elapsed_time,35,sim_cycle,62838487,sim_IPC,0.6004,sim_exec_BW,0.6393,ruu_full,0.4488,lsq_full,0.1414,avg_sim_slip,27.7124,dl1.miss_rate,0.0043,ul2.miss_rate,0.0014,total_power_cycle_cc1,410239758.8850
I1_cache_size,128,I1_cache_linesize,32,replacement_strategy, l, bpred,bimod,ruu_size,16,lsq_size,8,sim_elapsed_time,35,sim_cycle,60653446,sim_IPC,0.6221,sim_exec_BW,0.6653,ruu_full,0.5800,lsq_full,0.1757,avg_sim_slip,29.4090,dl1.miss_rate,0.0043,ul2.miss_rate,0.0213,total_power_cycle_cc1,413017075.6198
I1_cache_size,128,I1_cache_linesize,32,replacement_strategy, f, bpred,bimod,ruu_size,16,lsq_size,8,sim_elapsed_time,34,sim_cycle,60653982,sim_IPC,0.6221,sim_exec_BW,0.6653,ruu_full,0.5800,lsq_full,0.1757,avg_sim_slip,29.4089,dl1.miss_rate,0.0043,ul2.miss_rate,0.0214,total_power_cycle_cc1,413018186.2833
I1_cache_size,128,I1_cache_linesize,32,replacement_strategy, r, bpred,bimod,ruu_size,16,lsq_size,8,sim_elapsed_time,35,sim_cycle,60653946,sim_IPC,0.6221,sim_exec_BW,0.6653,ruu_full,0.5799,lsq_full,0.1757,avg_sim_slip,29.4087,dl1.miss_rate,0.0043,ul2.miss_rate,0.0213,total_power_cycle_cc1,413016073.5146
I1_cache_size,128,I1_cache_linesize,32,replacement_strategy, l, bpred,bimod,ruu_size,16,lsq_size,8,sim_elapsed_time,35,sim_cycle,60645327,sim_IPC,0.6222,sim_exec_BW,0.6654,ruu_full,0.5801,lsq_full,0.1757,avg_sim_slip,29.4094,dl1.miss_rate,0.0043,ul2.miss_rate,0.0191,total_power_cycle_cc1,456702461.5340
I1_cache_size,128,I1_cache_linesize,32,replacement_strategy, f, bpred,bimod,ruu_size,16,lsq_size,8,sim_elapsed_time,35,sim_cycle,60646137,sim_IPC,0.6222,sim_exec_BW,0.6654,ruu_full,0.5800,lsq_full,0.1757,avg_sim_slip,29.4094,dl1.miss_rate,0.0043,ul2.miss_rate,0.0193,total_power_cycle_cc1,456703630.8045
I1_cache_size,128,I1_cache_linesize,32,replacement_strategy, r, bpred,bimod,ruu_size,16,lsq_size,8,sim_elapsed_time,35,sim_cycle,60647136,sim_IPC,0.6221,sim_exec_BW,0.6654,ruu_full,0.5800,lsq_full,0.1757,avg_sim_slip,29.4091,dl1.miss_rate,0.0043,ul2.miss_rate,0.0197,total_power_cycle_cc1,456696246.1497
I1_cache_size,128,I1_cache_linesize,32,replacement_strategy, l, bpred,bimod,ruu_size,16,lsq_size,8,sim_elapsed_time,35,sim_cycle,60637012,sim_IPC,0.6222,sim_exec_BW,0.6655,ruu_full,0.5801,lsq_full,0.1757,avg_sim_slip,29.4095,dl1.miss_rate,0.0043,ul2.miss_rate,0.0166,total_power_cycle_cc1,524747648.9383
I1_cache_size,128,I1_cache_linesize,32,replacement_strategy, f, bpred,bimod,ruu_size,16,lsq_size,8,sim_elapsed_time,35,sim_cycle,60638066,sim_IPC,0.6222,sim_exec_BW,0.6655,ruu_full,0.5801,lsq_full,0.1757,avg_sim_slip,29.4095,dl1.miss_rate,0.0043,ul2.miss_rate,0.0170,total_power_cycle_cc1,524752288.4695
I1_cache_size,128,I1_cache_linesize,32,replacement_strategy, r, bpred,bimod,ruu_size,16,lsq_size,8,sim_elapsed_time,34,sim_cycle,60642581,sim_IPC,0.6222,sim_exec_BW,0.6654,ruu_full,0.5801,lsq_full,0.1757,avg_sim_slip,29.4094,dl1.miss_rate,0.0043,ul2.miss_rate,0.0184,total_power_cycle_cc1,524735737.1558
I1_cache_size,128,I1_cache_linesize,64,replacement_strategy, l, bpred,bimod,ruu_size,16,lsq_size,8,sim_elapsed_time,35,sim_cycle,61301867,sim_IPC,0.6155,sim_exec_BW,0.6571,ruu_full,0.5017,lsq_full,0.1512,avg_sim_slip,28.6700,dl1.miss_rate,0.0043,ul2.miss_rate,0.0022,total_power_cycle_cc1,414331314.6401
I1_cache_size,128,I1_cache_linesize,64,replacement_strategy, f, bpred,bimod,ruu_size,16,lsq_size,8,sim_elapsed_time,35,sim_cycle,61301445,sim_IPC,0.6155,sim_exec_BW,0.6571,ruu_full,0.5017,lsq_full,0.1512,avg_sim_slip,28.6702,dl1.miss_rate,0.0043,ul2.miss_rate,0.0022,total_power_cycle_cc1,414326963.4538
I1_cache_size,128,I1_cache_linesize,64,replacement_strategy, r, bpred,bimod,ruu_size,16,lsq_size,8,sim_elapsed_time,35,sim_cycle,61301888,sim_IPC,0.6155,sim_exec_BW,0.6571,ruu_full,0.5017,lsq_full,0.1512,avg_sim_slip,28.6699,dl1.miss_rate,0.0043,ul2.miss_rate,0.0022,total_power_cycle_cc1,414331756.6447
I1_cache_size,128,I1_cache_linesize,64,replacement_strategy, l, bpred,bimod,ruu_size,16,lsq_size,8,sim_elapsed_time,34,sim_cycle,60644121,sim_IPC,0.6222,sim_exec_BW,0.6654,ruu_full,0.5801,lsq_full,0.1757,avg_sim_slip,29.4094,dl1.miss_rate,0.0043,ul2.miss_rate,0.0199,total_power_cycle_cc1,446928290.0215
I1_cache_size,128,I1_cache_linesize,64,replacement_strategy, f, bpred,bimod,ruu_size,16,lsq_size,8,sim_elapsed_time,34,sim_cycle,60644563,sim_IPC,0.6222,sim_exec_BW,0.6654,ruu_full,0.5801,lsq_full,0.1757,avg_sim_slip,29.4097,dl1.miss_rate,0.0043,ul2.miss_rate,0.0202,total_power_cycle_cc1,446926880.0122
I1_cache_size,128,I1_cache_linesize,64,replacement_strategy, r, bpred,bimod,ruu_size,16,lsq_size,8,sim_elapsed_time,35,sim_cycle,60644018,sim_IPC,0.6222,sim_exec_BW,0.6654,ruu_full,0.5801,lsq_full,0.1757,avg_sim_slip,29.4096,dl1.miss_rate,0.0043,ul2.miss_rate,0.0201,total_power_cycle_cc1,446920756.2324
I1_cache_size,128,I1_cache_linesize,64,replacement_strategy, l, bpred,bimod,ruu_size,16,lsq_size,8